sample_num,ir
0,252541
1,252572
2,252637
3,252670
4,252730
5,252784
6,252857
7,252933
8,252979
9,253003
10,253034
11,253067
12,253088
13,253069
14,253046
15,252889
16,252692
17,252490
18,252325
19,252132
20,252024
21,251899
22,251795
23,251754
24,251731
25,251720
26,251708
27,251749
28,251813
29,251862
30,251947
31,252015
32,252093
33,252170
34,252305
35,252424
36,252565
37,252701
38,252828
39,252978
40,253104
41,253236
42,253346
43,253424
44,253451
45,253435
46,253400
47,253333
48,253254
49,253183
50,253128
51,253090
52,253085
53,253063
54,253070
55,253122
56,253140
57,253209
58,253265
59,253308
60,253352
61,253365
62,253402
63,253407
64,253464
65,253439
66,253488
67,253489
68,253539
69,253580
70,253600
71,253621
72,253685
73,253682
74,253748
75,253738
76,253757
77,253762
78,253785
79,253747
80,253751
81,253684
82,253559
83,253267
84,253019
85,252849
86,252649
87,252483
88,252355
89,252237
90,252164
91,252087
92,252071
93,252064
94,252108
95,252085
96,252108
97,252087
98,252194
99,252178
100,252258
101,252281
102,252351
103,252385
104,252422
105,252465
106,252569
107,252615
108,252700
109,252707
110,252768
111,252764
112,252793
113,252766
114,252738
115,252697
116,252678
117,252627
118,252600
119,252561
120,252569
121,252540
122,252605
123,252607
124,252614
125,252651
126,252694
127,252720
128,252768
129,252792
130,252824
131,252890
132,252928
133,252943
134,252997
135,253039
136,253065
137,253093
138,253141
139,253178
140,253224
141,253253
142,253303
143,253319
144,253391
145,253427
146,253484
147,253510
148,253545
149,253525
150,253432
151,253223
152,253048
153,252840
154,252697
155,252525
156,252399
157,252259
158,252183
159,252108
160,252071
161,252054
162,252075
163,252076
164,252107
165,252129
166,252190
167,252209
168,252246
169,252288
170,252340
171,252390
172,252436
173,252443
174,252523
175,252565
176,252617
177,252670
178,252693
179,252684
180,252715
181,252698
182,252676
183,252649
184,252629
185,252600
186,252597
187,252580
188,252590
189,252597
190,252612
191,252602
192,252630
193,252637
194,252664
195,252666
196,252707
197,252755
198,252783
199,252799
200,252845
201,252872
202,252894
203,252946
204,252983
205,253045
206,253095
207,253117
208,253152
209,253198
210,253224
211,253241
212,253300
213,253311
214,253357
215,253373
216,253427
217,253444
218,253494
219,253467
220,253430
221,253242
222,253084
223,252859
224,252672
225,252508
226,252371
227,252234
228,252109
229,252035
230,251993
231,251960
232,251956
233,251994
234,252027
235,252042
236,252101
237,252133
238,252185
239,252248
240,252282
241,252349
242,252399
243,252458
244,252520
245,252584
246,252680
247,252713
248,252766
249,252818
250,252831
251,252806
252,252810
253,252804
254,252792
255,252765
256,252737
257,252761
258,252771
259,252748
260,252782
261,252808
262,252835
263,252841
264,252891
265,252928
266,252958
267,252999
268,253065
269,253100
270,253142
271,253217
272,253261
273,253277
274,253330
275,253393
276,253424
277,253485
278,253508
279,253559
280,253602
281,253629
282,253680
283,253704
284,253738
285,253765
286,253763
287,253776
288,253820
289,253841
290,253874
291,253914
292,253950
293,253946
294,253929
295,253824
296,253646
297,253430
298,253261
299,253068
300,252887
301,252738
302,252597
303,252518
304,252450
305,252399
306,252367
307,252387
308,252397
309,252439
310,252490
311,252525
312,252582
313,252628
314,252699
315,252734
316,252756
317,252855
318,252897
319,252945
320,253010
321,253070
322,253094
323,253143
324,253175
325,253193
326,253175
327,253151
328,253175
329,253102
330,253144
331,253070
332,253076
333,253089
334,253122
335,253111
336,253156
337,253188
338,253255
339,253237
340,253318
341,253349
342,253418
343,253442
344,253492
345,253541
346,253600
347,253639
348,253696
349,253748
350,253826
351,253851
352,253896
353,253923
354,254001
355,254022
356,254054
357,254081
358,254110
359,254157
360,254185
361,254225
362,254250
363,254298
364,254316
365,254339
366,254360
367,254394
368,254426
369,254460
370,254487
371,254471
372,254435
373,254228
374,254013
375,253831
376,253627
377,253434
378,253304
379,253138
380,253053
381,252964
382,252917
383,252891
384,252911
385,252940
386,252943
387,253009
388,253052
389,253124
390,253169
391,253250
392,253310
393,253369
394,253418
395,253512
396,253571
397,253639
398,253690
399,253715
400,253764
401,253783
402,253764
403,253736
404,253731
405,253686
406,253660
407,253650
408,253630
409,253609
410,253621
411,253628
412,253630
413,253689
414,253702
415,253738
416,253766
417,253819
418,253854
419,253897
420,253944
421,254023
422,254042
423,254127
424,254189
425,254254
426,254267
427,254312
428,254342
429,254408
430,254431
431,254491
432,254517
433,254565
434,254606
435,254645
436,254679
437,254694
438,254728
439,254715
440,254758
441,254802
442,254825
443,254859
444,254889
445,254937
446,254947
447,254972
448,254896
449,254782
450,254561
451,254346
452,254168
453,253995
454,253850
455,253719
456,253613
457,253552
458,253525
459,253499
460,253516
461,253516
462,253549
463,253595
464,253671
465,253717
466,253783
467,253853
468,253951
469,254016
470,254072
471,254157
472,254261
473,254327
474,254412
475,254459
476,254477
477,254509
478,254476
479,254447
480,254399
481,254352
482,254322
483,254328
484,254275
485,254256
486,254242
487,254282
488,254284
489,254304
490,254298
491,254383
492,254385
493,254437
494,254464
495,254522
496,254558
497,254608
498,254652
499,254703
500,254766
501,254796
502,254827
503,254874
504,254921
505,254966
506,254999
507,255045
508,255088
509,255142
510,255145
511,255188
512,255213
513,255242
514,255270
515,255317
516,255332
517,255376
518,255405
519,255444
520,255430
521,255435
522,255364
523,255186
524,254992
525,254805
526,254629
527,254462
528,254270
529,254146
530,254016
531,253933
532,253852
533,253821
534,253823
535,253797
536,253835
537,253912
538,253952
539,254003
540,254040
541,254128
542,254185
543,254242
544,254276
545,254336
546,254381
547,254459
548,254515
549,254555
550,254603
551,254613
552,254607
553,254589
554,254553
555,254528
556,254483
557,254449
558,254435
559,254383
560,254377
561,254372
562,254381
563,254389
564,254435
565,254464
566,254501
567,254507
568,254550
569,254596
570,254664
571,254702
572,254771
573,254813
574,254876
575,254911
576,254953
577,255011
578,255071
579,255086
580,255142
581,255179
582,255207
583,255241
584,255291
585,255311
586,255341
587,255383
588,255399
589,255420
590,255471
591,255466
592,255516
593,255521
594,255559
595,255576
596,255571
597,255602
598,255534
599,255398
600,255189
601,254995
602,254801
603,254598
604,254415
605,254242
606,254115
607,254006
608,253943
609,253923
610,253893
611,253952
612,253961
613,254003
614,254073
615,254107
616,254158
617,254208
618,254253
619,254312
620,254380
621,254411
622,254489
623,254536
624,254614
625,254632
626,254678
627,254690
628,254724
629,254710
630,254698
631,254698
632,254658
633,254653
634,254639
635,254612
636,254578
637,254589
638,254597
639,254606
640,254602
641,254633
642,254651
643,254670
644,254702
645,254772
646,254817
647,254843
648,254884
649,254927
650,254967
651,255001
652,255061
653,255121
654,255160
655,255217
656,255261
657,255349
658,255436
659,255493
660,255578
661,255643
662,255749
663,255766
664,255854
665,255945
666,256002
667,256051
668,256092
669,256115
670,256185
671,256203
672,256274
673,256322
674,256346
675,256367
676,256218
677,256067
678,255863
679,255709
680,255526
681,255365
682,255194
683,255084
684,254962
685,254902
686,254807
687,254844
688,254809
689,254872
690,254888
691,254974
692,255043
693,255093
694,255112
695,255163
696,255173
697,255202
698,255233
699,255306
700,255331
701,255342
702,255346
703,255353
704,255311
705,255357
706,255308
707,255315
708,255285
709,255253
710,255236
711,255184
712,255164
713,255163
714,255144
715,255194
716,255191
717,255256
718,255276
719,255344
720,255384
721,255477
722,255553
723,255630
724,255700
725,255814
726,255881
727,255975
728,256021
729,256065
730,256099
731,256146
732,256184
733,256253
734,256272
735,256317
736,256357
737,256428
738,256468
739,256527
740,256545
741,256588
742,256610
743,256624
744,256670
745,256662
746,256659
747,256679
748,256643
749,256645
750,256624
751,256615
752,256566
753,256514
754,256421
755,256179
756,255891
757,255635
758,255395
759,255200
760,254988
761,254840
762,254675
763,254607
764,254545
765,254546
766,254532
767,254588
768,254614
769,254671
770,254724
771,254770
772,254804
773,254901
774,254908
775,254995
776,254989
777,255062
778,255103
779,255186
780,255231
781,255339
782,255353
783,255356
784,255337
785,255363
786,255292
787,255275
788,255247
789,255202
790,255146
791,255129
792,255104
793,255122
794,255132
795,255178
796,255209
797,255259
798,255281
799,255312
800,255375
801,255439
802,255452
803,255503
804,255500
805,255584
806,255613
807,255666
808,255715
809,255731
810,255785
811,255819
812,255851
813,255862
814,255867
815,255885
816,255875
817,255882
818,255898
819,255877
820,255890
821,255914
822,255901
823,255926
824,255913
825,255918
826,255920
827,255925
828,255934
829,255930
830,255916
831,255898
832,255777
833,255620
834,255439
835,255271
836,255083
837,254917
838,254738
839,254600
840,254502
841,254442
842,254428
843,254428
844,254430
845,254509
846,254533
847,254578
848,254653
849,254722
850,254788
851,254852
852,254905
853,254984
854,255049
855,255133
856,255192
857,255269
858,255326
859,255358
860,255344
861,255348
862,255326
863,255286
864,255240
865,255230
866,255194
867,255154
868,255141
869,255130
870,255147
871,255173
872,255208
873,255245
874,255296
875,255309
876,255372
877,255444
878,255457
879,255534
880,255574
881,255652
882,255685
883,255719
884,255762
885,255811
886,255854
887,255875
888,255905
889,255957
890,255980
891,255993
892,256010
893,256027
894,256049
895,256079
896,256075
897,256110
898,256145
899,256155
900,256185
901,256219
902,256266
903,256265
904,256287
905,256305
906,256256
907,256136
908,255945
909,255794
910,255598
911,255443
912,255282
913,255160
914,255013
915,254967
916,254897
917,254889
918,254889
919,254907
920,254949
921,255032
922,255079
923,255185
924,255226
925,255316
926,255351
927,255458
928,255497
929,255571
930,255645
931,255731
932,255764
933,255818
934,255812
935,255820
936,255788
937,255749
938,255698
939,255676
940,255647
941,255577
942,255543
943,255515
944,255496
945,255505
946,255510
947,255521
948,255551
949,255603
950,255643
951,255684
952,255727
953,255757
954,255782
955,255837
956,255863
957,255906
958,255948
959,255980
960,256030
961,256072
962,256123
963,256150
964,256156
965,256199
966,256218
967,256286
968,256312
969,256349
970,256380
971,256390
972,256417
973,256432
974,256479
975,256511
976,256584
977,256605
978,256633
979,256613
980,256507
981,256303
982,256107
983,255916
984,255694
985,255525
986,255327
987,255211
988,255074
989,255021
990,254951
991,254939
992,254953
993,254997
994,255042
995,255111
996,255149
997,255273
998,255310
999,255404
1000,255452
1001,255526
1002,255564
1003,255619
1004,255691
1005,255745
1006,255799
1007,255856
1008,255886
1009,255873
1010,255864
1011,255812
1012,255783
1013,255763
1014,255696
1015,255659
1016,255643
1017,255611
1018,255592
1019,255596
1020,255623
1021,255645
1022,255667
1023,255731
1024,255755
1025,255821
1026,255837
1027,255915
1028,256001
1029,256034
1030,256081
1031,256132
1032,256172
1033,256231
1034,256260
1035,256322
1036,256361
1037,256379
1038,256411
1039,256433
1040,256454
1041,256530
1042,256547
1043,256599
1044,256600
1045,256614
1046,256658
1047,256690
1048,256698
1049,256712
1050,256755
1051,256783
1052,256808
1053,256818
1054,256802
1055,256787
1056,256626
1057,256433
1058,256208
1059,256005
1060,255759
1061,255551
1062,255382
1063,255231
1064,255100
1065,255016
1066,254976
1067,254971
1068,254976
1069,255057
1070,255076
1071,255132
1072,255195
1073,255268
1074,255289
1075,255359
1076,255411
1077,255462
1078,255480
1079,255534
1080,255591
1081,255642
1082,255690
1083,255744
1084,255774
1085,255794
1086,255777
1087,255763
1088,255722
1089,255700
1090,255661
1091,255613
1092,255583
1093,255557
1094,255511
1095,255535
1096,255549
1097,255568
1098,255587
1099,255607
1100,255643
1101,255677
1102,255729
1103,255794
1104,255838
1105,255900
1106,255951
1107,255995
1108,256048
1109,256090
1110,256149
1111,256171
1112,256228
1113,256251
1114,256276
1115,256325
1116,256345
1117,256363
1118,256383
1119,256405
1120,256432
1121,256455
1122,256493
1123,256480
1124,256510
1125,256531
1126,256543
1127,256561
1128,256596
1129,256628
1130,256691
1131,256687
1132,256706
1133,256684
1134,256587
1135,256401
1136,256175
1137,255980
1138,255763
1139,255560
1140,255354
1141,255215
1142,255076
1143,254976
1144,254928
1145,254912
1146,254919
1147,254941
1148,255001
1149,255040
1150,255120
1151,255188
1152,255262
1153,255320
1154,255391
1155,255420
1156,255466
1157,255544
1158,255577
1159,255661
1160,255695
1161,255749
1162,255757
1163,255773
1164,255767
1165,255782
1166,255740
1167,255711
1168,255641
1169,255584
1170,255585
1171,255531
1172,255550
1173,255538
1174,255548
1175,255576
1176,255612
1177,255663
1178,255684
1179,255712
1180,255751
1181,255799
1182,255873
1183,255920
1184,255990
1185,256036
1186,256084
1187,256119
1188,256172
1189,256216
1190,256257
1191,256304
1192,256326
1193,256376
1194,256431
1195,256411
1196,256441
1197,256489
1198,256501
1199,256507
1200,256543
1201,256555
1202,256572
1203,256583
1204,256632
1205,256656
1206,256673
1207,256717
1208,256744
1209,256746
1210,256755
1211,256726
1212,256669
1213,256467
1214,256254
1215,256066
1216,255857
1217,255635
1218,255455
1219,255310
1220,255206
1221,255130
1222,255097
1223,255092
1224,255124
1225,255165
1226,255233
1227,255325
1228,255390
1229,255453
1230,255554
1231,255606
1232,255694
1233,255771
1234,255854
1235,255901
1236,255987
1237,256042
1238,256092
1239,256107
1240,256131
1241,256117
1242,256078
1243,256029
1244,255991
1245,255934
1246,255898
1247,255866
1248,255828
1249,255784
1250,255792
1251,255791
1252,255822
1253,255822
1254,255854
1255,255892
1256,255923
1257,255973
1258,256032
1259,256042
1260,256122
1261,256160
1262,256217
1263,256273
1264,256322
1265,256393
1266,256446
1267,256462
1268,256501
1269,256532
1270,256585
1271,256612
1272,256635
1273,256667
1274,256702
1275,256725
1276,256748
1277,256784
1278,256803
1279,256818
1280,256847
1281,256861
1282,256893
1283,256899
1284,256937
1285,256974
1286,256953
1287,256916
1288,256808
1289,256597
1290,256403
1291,256189
1292,255987
1293,255790
1294,255648
1295,255524
1296,255436
1297,255378
1298,255380
1299,255379
1300,255432
1301,255481
1302,255552
1303,255642
1304,255721
1305,255797
1306,255855
1307,255961
1308,256009
1309,256073
1310,256139
1311,256196
1312,256284
1313,256353
1314,256391
1315,256386
1316,256404
1317,256349
1318,256321
1319,256265
1320,256229
1321,256159
1322,256100
1323,256070
1324,256029
1325,256010
1326,256033
1327,256005
1328,256025
1329,256070
1330,256119
1331,256177
1332,256216
1333,256262
1334,256319
1335,256386
1336,256448
1337,256492
1338,256529
1339,256564
1340,256605
1341,256639
1342,256678
1343,256698
1344,256764
1345,256805
1346,256826
1347,256845
1348,256881
1349,256880
1350,256914
1351,256907
1352,256949
1353,256957
1354,256997
1355,256968
1356,257006
1357,257030
1358,257040
1359,257041
1360,257052
1361,256985
1362,256866
1363,256618
1364,256412
1365,256210
1366,255980
1367,255764
1368,255617
1369,255452
1370,255347
1371,255263
1372,255275
1373,255269
1374,255304
1375,255327
1376,255406
1377,255470
1378,255545
1379,255628
1380,255697
1381,255774
1382,255816
1383,255888
1384,255951
1385,255980
1386,256072
1387,256130
1388,256141
1389,256172
1390,256193
1391,256164
1392,256142
1393,256123
1394,256063
1395,256021
1396,255992
1397,255923
1398,255900
1399,255902
1400,255877
1401,255884
1402,255920
1403,255958
1404,255982
1405,256038
1406,256086
1407,256133
1408,256188
1409,256219
1410,256302
1411,256330
1412,256374
1413,256408
1414,256468
1415,256502
1416,256543
1417,256564
1418,256602
1419,256643
1420,256647
1421,256660
1422,256705
1423,256693
1424,256744
1425,256763
1426,256800
1427,256807
1428,256835
1429,256818
1430,256859
1431,256897
1432,256907
1433,256910
1434,256946
1435,256929
1436,256930
1437,256796
1438,256636
1439,256397
1440,256173
1441,255927
1442,255697
1443,255499
1444,255321
1445,255150
1446,255105
1447,255064
1448,255046
1449,255065
1450,255125
1451,255168
1452,255244
1453,255327
1454,255384
1455,255439
1456,255502
1457,255552
1458,255622
1459,255633
1460,255701
1461,255756
1462,255815
1463,255851
1464,255910
1465,255900
1466,255919
1467,255899
1468,255899
1469,255827
1470,255816
1471,255765
1472,255730
1473,255676
1474,255688
1475,255662
1476,255669
1477,255664
1478,255704
1479,255743
1480,255810
1481,255842
1482,255925
1483,255922
1484,255992
1485,256041
1486,256117
1487,256198
1488,256232
1489,256267
1490,256357
1491,256363
1492,256433
1493,256466
1494,256529
1495,256558
1496,256599
1497,256609
1498,256668
1499,256674
1500,256687
1501,256684
1502,256737
1503,256729
1504,256770
1505,256766
1506,256803
1507,256811
1508,256858
1509,256881
1510,256915
1511,256904
1512,256919
1513,256816
1514,256715
1515,256476
1516,256269
1517,256003
1518,255780
1519,255547
1520,255356
1521,255222
1522,255123
1523,255058
1524,255074
1525,255050
1526,255124
1527,255180
1528,255270
1529,255335
1530,255424
1531,255487
1532,255583
1533,255643
1534,255695
1535,255723
1536,255802
1537,255833
1538,255908
1539,255934
1540,255979
1541,255993
1542,256006
1543,255976
1544,255972
1545,255937
1546,255924
1547,255847
1548,255827
1549,255780
1550,255762
1551,255766
1552,255772
1553,255782
1554,255825
1555,255863
1556,255929
1557,255981
1558,256062
1559,256094
1560,256177
1561,256203
1562,256314
1563,256364
1564,256437
1565,256478
1566,256556
1567,256581
1568,256652
1569,256706
1570,256736
1571,256776
1572,256807
1573,256824
1574,256856
1575,256866
1576,256927
1577,256919
1578,256937
1579,256936
1580,256965
1581,256990
1582,257000
1583,257039
1584,257077
1585,257091
1586,257133
1587,257133
1588,257148
1589,257120
1590,257076
1591,256927
1592,256727
1593,256482
1594,256281
1595,256059
1596,255872
1597,255700
1598,255585
1599,255489
1600,255448
1601,255437
1602,255449
1603,255506
1604,255587
1605,255627
1606,255730
1607,255806
1608,255895
1609,255924
1610,256013
1611,256086
1612,256135
1613,256213
1614,256297
1615,256350
1616,256417
1617,256440
1618,256465
1619,256419
1620,256414
1621,256368
1622,256320
1623,256257
1624,256211
1625,256155
1626,256147
1627,256111
1628,256115
1629,256118
1630,256133
1631,256168
1632,256217
1633,256258
1634,256302
1635,256337
1636,256401
1637,256437
1638,256518
1639,256551
1640,256589
1641,256650
1642,256704
1643,256725
1644,256749
1645,256804
1646,256820
1647,256840
1648,256869
1649,256879
1650,256921
1651,256919
1652,256972
1653,256975
1654,257011
1655,257024
1656,257063
1657,257100
1658,257110
1659,257138
1660,257217
1661,257247
1662,257273
1663,257279
1664,257318
1665,257269
1666,257103
1667,256927
1668,256728
1669,256492
1670,256248
1671,256029
1672,255837
1673,255673
1674,255576
1675,255498
1676,255469
1677,255511
1678,255541
1679,255582
1680,255691
1681,255742
1682,255802
1683,255862
1684,255934
1685,255974
1686,256048
1687,256080
1688,256135
1689,256227
1690,256287
1691,256335
1692,256383
1693,256396
1694,256404
1695,256363
1696,256335
1697,256298
1698,256242
1699,256186
1700,256155
1701,256095
1702,256084
1703,256073
1704,256074
1705,256072
1706,256104
1707,256135
1708,256198
1709,256209
1710,256299
1711,256333
1712,256397
1713,256441
1714,256489
1715,256552
1716,256590
1717,256637
1718,256655
1719,256700
1720,256747
1721,256802
1722,256847
1723,256832
1724,256899
1725,256924
1726,256958
1727,256966
1728,256983
1729,257014
1730,257040
1731,257041
1732,257067
1733,257094
1734,257129
1735,257151
1736,257201
1737,257221
1738,257266
1739,257276
1740,257292
1741,257310
1742,257301
1743,257215
1744,257040
1745,256827
1746,256586
1747,256330
1748,256089
1749,255861
1750,255673
1751,255500
1752,255429
1753,255377
1754,255359
1755,255363
1756,255420
1757,255472
1758,255561
1759,255630
1760,255729
1761,255779
1762,255864
1763,255888
1764,255959
1765,256013
1766,256055
1767,256130
1768,256203
1769,256256
1770,256304
1771,256335
1772,256327
1773,256325
1774,256299
1775,256268
1776,256217
1777,256186
1778,256145
1779,256092
1780,256090
1781,256048
1782,256051
1783,256069
1784,256087
1785,256123
1786,256182
1787,256201
1788,256256
1789,256316
1790,256349
1791,256395
1792,256435
1793,256490
1794,256545
1795,256571
1796,256623
1797,256647
1798,256699
1799,256707
1800,256775
1801,256794
1802,256838
1803,256862
1804,256906
1805,256917
1806,256952
1807,256955
1808,256975
1809,257006
1810,256993
1811,257019
1812,257030
1813,257012
1814,257027
1815,257028
1816,257072
1817,257097
1818,257134
1819,257166
1820,257208
1821,257238
1822,257247
1823,257191
1824,257040
1825,256855
1826,256628
1827,256356
1828,256131
1829,255880
1830,255681
1831,255476
1832,255405
1833,255328
1834,255311
1835,255328
1836,255372
1837,255441
1838,255532
1839,255602
1840,255694
1841,255766
1842,255828
1843,255876
1844,255925
1845,255939
1846,256008
1847,256060
1848,256094
1849,256144
1850,256211
1851,256242
1852,256262
1853,256258
1854,256240
1855,256207
1856,256200
1857,256148
1858,256089
1859,256058
1860,256039
1861,256021
1862,256049
1863,256045
1864,256059
1865,256104
1866,256124
1867,256189
1868,256259
1869,256303
1870,256363
1871,256412
1872,256475
1873,256521
1874,256577
1875,256595
1876,256623
1877,256679
1878,256717
1879,256757
1880,256783
1881,256801
1882,256843
1883,256902
1884,256908
1885,256936
1886,256940
1887,256991
1888,257001
1889,257035
1890,257040
1891,257053
1892,257073
1893,257091
1894,257102
1895,257122
1896,257157
1897,257187
1898,257223
1899,257279
1900,257326
1901,257353
1902,257381
1903,257428
1904,257422
1905,257351
1906,257195
1907,256963
1908,256754
1909,256469
1910,256267
1911,256059
1912,255870
1913,255718
1914,255629
1915,255564
1916,255551
1917,255587
1918,255655
1919,255714
1920,255788
1921,255845
1922,255917
1923,255996
1924,256041
1925,256122
1926,256168
1927,256216
1928,256278
1929,256345
1930,256452
1931,256484
1932,256539
1933,256538
1934,256530
1935,256504
1936,256486
1937,256449
1938,256414
1939,256368
1940,256322
1941,256282
1942,256276
1943,256270
1944,256262
1945,256309
1946,256322
1947,256392
1948,256477
1949,256506
1950,256567
1951,256633
1952,256693
1953,256749
1954,256808
1955,256859
1956,256926
1957,256967
1958,256995
1959,257067
1960,257115
1961,257156
1962,257189
1963,257234
1964,257277
1965,257307
1966,257343
1967,257373
1968,257394
1969,257389
1970,257400
1971,257410
1972,257454
1973,257455
1974,257485
1975,257494
1976,257517
1977,257541
1978,257579
1979,257630
1980,257645
1981,257671
1982,257671
1983,257590
1984,257415
1985,257219
1986,256972
1987,256753
1988,256508
1989,256293
1990,256115
1991,255987
1992,255854
1993,255801
1994,255784
1995,255783
1996,255850
1997,255906
1998,255964
1999,256063
2000,256087
2001,256165
2002,256208
2003,256266
2004,256281
2005,256348
2006,256389
2007,256461
2008,256507
2009,256571
2010,256620
2011,256625
2012,256635
2013,256615
2014,256546
2015,256536
2016,256472
2017,256423
2018,256366
2019,256331
2020,256318
2021,256334
2022,256357
2023,256379
2024,256457
2025,256481
2026,256554
2027,256577
2028,256660
2029,256733
2030,256795
2031,256849
2032,256918
2033,256985
2034,257031
2035,257112
2036,257156
2037,257187
2038,257244
2039,257287
2040,257321
2041,257359
2042,257398
2043,257425
2044,257445
2045,257459
2046,257504
2047,257490
2048,257494
2049,257529
2050,257528
2051,257512
2052,257524
2053,257539
2054,257581
2055,257578
2056,257629
2057,257652
2058,257670
2059,257686
2060,257688
2061,257602
2062,257418
2063,257231
2064,256977
2065,256747
2066,256499
2067,256294
2068,256101
2069,255946
2070,255843
2071,255798
2072,255784
2073,255810
2074,255864
2075,255920
2076,255996
2077,256080
2078,256152
2079,256216
2080,256279
2081,256325
2082,256373
2083,256391
2084,256441
2085,256520
2086,256561
2087,256659
2088,256684
2089,256744
2090,256729
2091,256743
2092,256749
2093,256708
2094,256682
2095,256632
2096,256594
2097,256579
2098,256551
2099,256564
2100,256574
2101,256579
2102,256628
2103,256664
2104,256718
2105,256800
2106,256829
2107,256916
2108,256976
2109,257041
2110,257093
2111,257174
2112,257235
2113,257294
2114,257355
2115,257428
2116,257460
2117,257526
2118,257536
2119,257603
2120,257641
2121,257676
2122,257737
2123,257761
2124,257791
2125,257823
2126,257814
2127,257875
2128,257896
2129,257897
2130,257911
2131,257930
2132,257949
2133,257973
2134,257971
2135,258029
2136,258033
2137,258058
2138,258114
2139,258129
2140,258144
2141,258138
2142,258042
2143,257845
2144,257577
2145,257331
2146,257066
2147,256830
2148,256599
2149,256418
2150,256251
2151,256154
2152,256098
2153,256053
2154,256077
2155,256098
2156,256159
2157,256233
2158,256294
2159,256365
2160,256422
2161,256487
2162,256511
2163,256569
2164,256602
2165,256662
2166,256697
2167,256756
2168,256796
2169,256855
2170,256885
2171,256893
2172,256907
2173,256899
2174,256864
2175,256853
2176,256799
2177,256803
2178,256705
2179,256710
2180,256688
2181,256682
2182,256702
2183,256726
2184,256755
2185,256825
2186,256879
2187,256958
2188,257013
2189,257060
2190,257128
2191,257226
2192,257261
2193,257334
2194,257377
2195,257491
2196,257537
2197,257589
2198,257628
2199,257680
2200,257715
2201,257760
2202,257801
2203,257848
2204,257860
2205,257908
2206,257926
2207,257950
2208,257964
2209,257987
2210,258009
2211,258059
2212,258052
2213,258118
2214,258121
2215,258191
2216,258197
2217,258274
2218,258300
2219,258373
2220,258378
2221,258410
2222,258400
2223,258312
2224,258053
2225,257831
2226,257565
2227,257345
2228,257093
2229,256890
2230,256701
2231,256557
2232,256468
2233,256408
2234,256389
2235,256402
2236,256443
2237,256522
2238,256555
2239,256666
2240,256702
2241,256802
2242,256848
2243,256921
2244,256976
2245,257037
2246,257075
2247,257166
2248,257229
2249,257311
2250,257309
2251,257364
2252,257316
2253,257304
2254,257264
2255,257257
2256,257188
2257,257154
2258,257120
2259,257097
2260,257052
2261,257067
2262,257070
2263,257098
2264,257104
2265,257163
2266,257217
2267,257259
2268,257317
2269,257425
2270,257470
2271,257542
2272,257577
2273,257667
2274,257713
2275,257789
2276,257838
2277,257875
2278,257926
2279,257963
2280,258004
2281,258061
2282,258077
2283,258098
2284,258123
2285,258161
2286,258178
2287,258191
2288,258210
2289,258243
2290,258244
2291,258260
2292,258272
2293,258306
2294,258339
2295,258382
2296,258390
2297,258440
2298,258429
2299,258480
2300,258493
2301,258464
2302,258364
2303,258179
2304,257946
2305,257735
2306,257496
2307,257297
2308,257108
2309,256961
2310,256844
2311,256787
2312,256730
2313,256744
2314,256757
2315,256844
2316,256886
2317,256983
2318,257055
2319,257154
2320,257195
2321,257291
2322,257349
2323,257439
2324,257478
2325,257563
2326,257622
2327,257703
2328,257745
2329,257783
2330,257774
2331,257774
2332,257700
2333,257662
2334,257583
2335,257544
2336,257478
2337,257444
2338,257402
2339,257383
2340,257337
2341,257387
2342,257363
2343,257455
2344,257480
2345,257551
2346,257637
2347,257696
2348,257722
2349,257819
2350,257864
2351,257910
2352,257984
2353,258045
2354,258085
2355,258117
2356,258145
2357,258198
2358,258232
2359,258280
2360,258279
2361,258334
2362,258366
2363,258385
2364,258417
2365,258437
2366,258442
2367,258464
2368,258473
2369,258482
2370,258500
2371,258525
2372,258567
2373,258587
2374,258594
2375,258614
2376,258614
2377,258601
2378,258495
2379,258311
2380,258094
2381,257849
2382,257603
2383,257421
2384,257183
2385,257011
2386,256868
2387,256777
2388,256713
2389,256685
2390,256699
2391,256766
2392,256815
2393,256883
2394,256941
2395,257037
2396,257096
2397,257198
2398,257229
2399,257335
2400,257398
2401,257467
2402,257522
2403,257596
2404,257646
2405,257721
2406,257726
2407,257773
2408,257729
2409,257707
2410,257651
2411,257607
2412,257546
2413,257523
2414,257462
2415,257448
2416,257439
2417,257449
2418,257473
2419,257507
2420,257522
2421,257590
2422,257623
2423,257716
2424,257756
2425,257847
2426,257897
2427,257965
2428,258023
2429,258094
2430,258120
2431,258202
2432,258250
2433,258308
2434,258331
2435,258381
2436,258412
2437,258438
2438,258467
2439,258535
2440,258536
2441,258593
2442,258610
2443,258630
2444,258636
2445,258641
2446,258669
2447,258697
2448,258703
2449,258760
2450,258760
2451,258787
2452,258820
2453,258807
2454,258797
2455,258737
2456,258532
2457,258279
2458,258000
2459,257772
2460,257546
2461,257329
2462,257136
2463,256998
2464,256884
2465,256840
2466,256789
2467,256815
2468,256844
2469,256896
2470,256957
2471,257013
2472,257118
2473,257192
2474,257220
2475,257297
2476,257345
2477,257390
2478,257438
2479,257547
2480,257566
2481,257619
2482,257662
2483,257689
2484,257685
2485,257662
2486,257628
2487,257598
2488,257532
2489,257496
2490,257441
2491,257399
2492,257358
2493,257330
2494,257355
2495,257364
2496,257359
2497,257443
2498,257472
2499,257533
2500,257583
2501,257628
2502,257680
2503,257734
2504,257811
2505,257878
2506,257934
2507,257992
2508,258005
2509,258048
2510,258093
2511,258124
2512,258163
2513,258198
2514,258213
2515,258241
2516,258282
2517,258297
2518,258310
2519,258332
2520,258370
2521,258390
2522,258418
2523,258444
2524,258477
2525,258541
2526,258582
2527,258609
2528,258609
2529,258632
2530,258632
2531,258572
2532,258418
2533,258183
2534,257953
2535,257688
2536,257466
2537,257251
2538,257064
2539,256898
2540,256774
2541,256728
2542,256700
2543,256714
2544,256769
2545,256813
2546,256924
2547,256971
2548,257061
2549,257145
2550,257207
2551,257272
2552,257345
2553,257390
2554,257428
2555,257530
2556,257579
2557,257664
2558,257713
2559,257748
2560,257747
2561,257717
2562,257690
2563,257646
2564,257615
2565,257549
2566,257504
2567,257456
2568,257423
2569,257420
2570,257394
2571,257407
2572,257427
2573,257455
2574,257507
2575,257552
2576,257627
2577,257695
2578,257745
2579,257830
2580,257877
2581,257938
2582,258002
2583,258075
2584,258131
2585,258192
2586,258260
2587,258299
2588,258367
2589,258425
2590,258448
2591,258513
2592,258521
2593,258576
2594,258585
2595,258618
2596,258622
2597,258651
2598,258699
2599,258731
2600,258748
2601,258795
2602,258848
2603,258859
2604,258857
2605,258896
2606,258877
2607,258756
2608,258548
2609,258329
2610,258082
2611,257886
2612,257652
2613,257500
2614,257318
2615,257210
2616,257114
2617,257079
2618,257062
2619,257134
2620,257184
2621,257240
2622,257306
2623,257400
2624,257488
2625,257568
2626,257641
2627,257730
2628,257767
2629,257865
2630,257928
2631,258027
2632,258062
2633,258105
2634,258134
2635,258113
2636,258060
2637,258002
2638,257928
2639,257843
2640,257799
2641,257727
2642,257696
2643,257652
2644,257652
2645,257646
2646,257649
2647,257708
2648,257740
2649,257780
2650,257838
2651,257911
2652,257984
2653,258043
2654,258132
2655,258199
2656,258244
2657,258320
2658,258347
2659,258419
2660,258470
2661,258516
2662,258529
2663,258564
2664,258582
2665,258613
2666,258613
2667,258660
2668,258680
2669,258687
2670,258692
2671,258712
2672,258730
2673,258731
2674,258763
2675,258793
2676,258811
2677,258812
2678,258832
2679,258814
2680,258707
2681,258516
2682,258285
2683,258045
2684,257793
2685,257591
2686,257375
2687,257218
2688,257078
2689,256970
2690,256923
2691,256930
2692,256910
2693,256981
2694,257023
2695,257114
2696,257193
2697,257271
2698,257341
2699,257435
2700,257459
2701,257535
2702,257600
2703,257677
2704,257726
2705,257821
2706,257867
2707,257876
2708,257902
2709,257878
2710,257842
2711,257790
2712,257745
2713,257673
2714,257623
2715,257571
2716,257526
2717,257510
2718,257498
2719,257521
2720,257539
2721,257584
2722,257615
2723,257670
2724,257719
2725,257792
2726,257855
2727,257922
2728,257987
2729,258055
2730,258109
2731,258163
2732,258223
2733,258265
2734,258328
2735,258377
2736,258430
2737,258471
2738,258483
2739,258506
2740,258521
2741,258538
2742,258547
2743,258582
2744,258564
2745,258591
2746,258598
2747,258618
2748,258637
2749,258631
2750,258634
2751,258648
2752,258591
2753,258465
2754,258232
2755,258006
2756,257759
2757,257523
2758,257261
2759,257060
2760,256868
2761,256733
2762,256669
2763,256584
2764,256605
2765,256631
2766,256692
2767,256751
2768,256823
2769,256920
2770,257001
2771,257066
2772,257160
2773,257209
2774,257283
2775,257338
2776,257398
2777,257478
2778,257526
2779,257559
2780,257607
2781,257604
2782,257591
2783,257548
2784,257531
2785,257453
2786,257414
2787,257370
2788,257350
2789,257304
2790,257294
2791,257297
2792,257302
2793,257341
2794,257380
2795,257371
2796,257445
2797,257516
2798,257588
2799,257643
2800,257708
2801,257763
2802,257818
2803,257896
2804,257960
2805,257986
2806,258016
2807,258097
2808,258123
2809,258156
2810,258216
2811,258236
2812,258264
2813,258288
2814,258321
2815,258326
2816,258377
2817,258408
2818,258397
2819,258455
2820,258461
2821,258483
2822,258539
2823,258572
2824,258579
2825,258607
2826,258587
2827,258514
2828,258326
2829,258093
2830,257836
2831,257576
2832,257356
2833,257127
2834,256932
2835,256790
2836,256703
2837,256634
2838,256619
2839,256613
2840,256637
2841,256709
2842,256773
2843,256852
2844,256918
2845,256974
2846,257044
2847,257095
2848,257133
2849,257174
2850,257234
2851,257291
2852,257359
2853,257415
2854,257448
2855,257479
2856,257488
2857,257486
2858,257453
2859,257413
2860,257368
2861,257306
2862,257268
2863,257236
2864,257204
2865,257204
2866,257216
2867,257235
2868,257255
2869,257275
2870,257343
2871,257397
2872,257467
2873,257512
2874,257560
2875,257626
2876,257682
2877,257714
2878,257785
2879,257810
2880,257897
2881,257929
2882,257988
2883,258010
2884,258026
2885,258109
2886,258136
2887,258158
2888,258173
2889,258227
2890,258239
2891,258271
2892,258286
2893,258303
2894,258327
2895,258340
2896,258368
2897,258389
2898,258396
2899,258451
2900,258455
2901,258475
2902,258450
2903,258370
2904,258151
2905,257936
2906,257676
2907,257398
2908,257144
2909,256915
2910,256670
2911,256509
2912,256425
2913,256331
2914,256323
2915,256321
2916,256390
2917,256453
2918,256544
2919,256623
2920,256701
2921,256765
2922,256866
2923,256922
2924,256981
2925,257048
2926,257102
2927,257191
2928,257253
2929,257313
2930,257350
2931,257343
2932,257366
2933,257359
2934,257320
2935,257281
2936,257228
2937,257179
2938,257152
2939,257121
2940,257087
2941,257095
2942,257089
2943,257150
2944,257200
2945,257259
2946,257304
2947,257381
2948,257464
2949,257540
2950,257606
2951,257689
2952,257762
2953,257802
2954,257884
2955,257931
2956,257985
2957,258046
2958,258112
2959,258147
2960,258188
2961,258259
2962,258316
2963,258332
2964,258365
2965,258396
2966,258412
2967,258439
2968,258458
2969,258496
2970,258514
2971,258553
2972,258586
2973,258631
2974,258666
2975,258695
2976,258676
2977,258650
2978,258529
2979,258301
2980,258077
2981,257814
2982,257570
2983,257354
2984,257158
2985,256999
2986,256875
2987,256805
2988,256762
2989,256765
2990,256816
2991,256855
2992,256944
2993,257021
2994,257130
2995,257237
2996,257300
2997,257393
2998,257468
2999,257542
3000,257616
3001,257682
3002,257775
3003,257834
3004,257905
3005,257889
3006,257902
3007,257840
3008,257804
3009,257730
3010,257674
3011,257613
3012,257552
3013,257491
3014,257468
3015,257454
3016,257453
3017,257456
3018,257505
3019,257532
3020,257590
3021,257658
3022,257708
3023,257792
3024,257867
3025,257916
3026,257991
3027,258020
3028,258096
3029,258138
3030,258192
3031,258229
3032,258288
3033,258323
3034,258364
3035,258375
3036,258424
3037,258417
3038,258484
3039,258499
3040,258534
3041,258554
3042,258581
3043,258580
3044,258613
3045,258630
3046,258666
3047,258677
3048,258705
3049,258703
3050,258649
3051,258487
3052,258274
3053,258027
3054,257790
3055,257536
3056,257313
3057,257088
3058,256935
3059,256811
3060,256731
3061,256693
3062,256715
3063,256757
3064,256828
3065,256912
3066,256993
3067,257106
3068,257187
3069,257287
3070,257354
3071,257414
3072,257497
3073,257563
3074,257644
3075,257699
3076,257784
3077,257815
3078,257848
3079,257849
3080,257810
3081,257779
3082,257712
3083,257633
3084,257582
3085,257501
3086,257450
3087,257406
3088,257398
3089,257397
3090,257426
3091,257445
3092,257489
3093,257537
3094,257602
3095,257669
3096,257755
3097,257823
3098,257901
3099,257950
3100,258053
3101,258088
3102,258152
3103,258163
3104,258246
3105,258283
3106,258355
3107,258385
3108,258417
3109,258458
3110,258460
3111,258523
3112,258560
3113,258557
3114,258603
3115,258607
3116,258648
3117,258670
3118,258701
3119,258699
3120,258769
3121,258794
3122,258788
3123,258792
3124,258789
3125,258639
3126,258461
3127,258179
3128,257904
3129,257640
3130,257381
3131,257184
3132,256998
3133,256840
3134,256760
3135,256713
3136,256725
3137,256744
3138,256794
3139,256839
3140,256955
3141,257047
3142,257124
3143,257177
3144,257265
3145,257303
3146,257388
3147,257426
3148,257486
3149,257548
3150,257613
3151,257670
3152,257703
3153,257696
3154,257700
3155,257678
3156,257646
3157,257572
3158,257537
3159,257473
3160,257427
3161,257394
3162,257389
3163,257362
3164,257377
3165,257395
3166,257436
3167,257476
3168,257524
3169,257549
3170,257645
3171,257711
3172,257774
3173,257854
3174,257940
3175,257958
3176,258033
3177,258102
3178,258158
3179,258201
3180,258257
3181,258300
3182,258358
3183,258368
3184,258421
3185,258458
3186,258494
3187,258504
3188,258562
3189,258548
3190,258600
3191,258621
3192,258640
3193,258645
3194,258700
3195,258702
3196,258748
3197,258749
3198,258781
3199,258775
3200,258807
3201,258691
3202,258505
3203,258243
3204,257982
3205,257707
3206,257441
3207,257189
3208,257004
3209,256808
3210,256730
3211,256649
3212,256640
3213,256653
3214,256711
3215,256728
3216,256848
3217,256909
3218,257001
3219,257084
3220,257166
3221,257230
3222,257305
3223,257327
3224,257398
3225,257430
3226,257532
3227,257580
3228,257649
3229,257654
3230,257692
3231,257659
3232,257639
3233,257587
3234,257547
3235,257461
3236,257420
3237,257334
3238,257325
3239,257296
3240,257318
3241,257300
3242,257340
3243,257328
3244,257382
3245,257426
3246,257507
3247,257538
3248,257636
3249,257690
3250,257782
3251,257844
3252,257925
3253,258006
3254,258075
3255,258136
3256,258218
3257,258248
3258,258328
3259,258367
3260,258455
3261,258457
3262,258531
3263,258511
3264,258578
3265,258553
3266,258621
3267,258607
3268,258682
3269,258688
3270,258727
3271,258760
3272,258817
3273,258848
3274,258920
3275,258955
3276,258972
3277,258967
3278,258907
3279,258683
3280,258458
3281,258154
3282,257903
3283,257647
3284,257430
3285,257207
3286,257063
3287,256939
3288,256905
3289,256839
3290,256890
3291,256933
3292,256995
3293,257070
3294,257190
3295,257274
3296,257409
3297,257451
3298,257538
3299,257594
3300,257661
3301,257714
3302,257782
3303,257836
3304,257931
3305,257934
3306,257973
3307,257939
3308,257930
3309,257868
3310,257825
3311,257755
3312,257722
3313,257657
3314,257635
3315,257595
3316,257601
3317,257572
3318,257613
3319,257603
3320,257652
3321,257682
3322,257742
3323,257804
3324,257881
3325,257948
3326,258023
3327,258087
3328,258171
3329,258271
3330,258352
3331,258390
3332,258495
3333,258525
3334,258658
3335,258653
3336,258765
3337,258786
3338,258835
3339,258855
3340,258935
3341,258958
3342,258998
3343,259012
3344,259072
3345,259060
3346,259117
3347,259125
3348,259167
3349,259184
3350,259226
3351,259232
3352,259258
3353,259273
3354,259263
3355,259162
3356,258946
3357,258660
3358,258412
3359,258118
3360,257920
3361,257691
3362,257515
3363,257356
3364,257287
3365,257244
3366,257267
3367,257310
3368,257390
3369,257463
3370,257544
3371,257665
3372,257805
3373,257903
3374,258019
3375,258123
3376,258211
3377,258284
3378,258398
3379,258484
3380,258585
3381,258627
3382,258696
3383,258654
3384,258630
3385,258539
3386,258489
3387,258404
3388,258321
3389,258254
3390,258179
3391,258132
3392,258136
3393,258111
3394,258144
3395,258157
3396,258205
3397,258252
3398,258326
3399,258385
3400,258454
3401,258503
3402,258592
3403,258642
3404,258720
3405,258789
3406,258869
3407,258893
3408,258958
3409,258995
3410,259058
3411,259034
3412,259083
3413,259107
3414,259152
3415,259166
3416,259197
3417,259222
3418,259239
3419,259244
3420,259289
3421,259310
3422,259335
3423,259368
3424,259417
3425,259421
3426,259436
3427,259427
3428,259421
3429,259319
3430,259088
3431,258805
3432,258544
3433,258289
3434,258063
3435,257848
3436,257676
3437,257542
3438,257446
3439,257414
3440,257417
3441,257455
3442,257499
3443,257571
3444,257683
3445,257752
3446,257878
3447,257948
3448,258068
3449,258137
3450,258213
3451,258270
3452,258375
3453,258463
3454,258560
3455,258606
3456,258622
3457,258618
3458,258603
3459,258538
3460,258478
3461,258407
3462,258323
3463,258260
3464,258202
3465,258159
3466,258118
3467,258104
3468,258133
3469,258131
3470,258161
3471,258215
3472,258252
3473,258308
3474,258377
3475,258475
3476,258549
3477,258593
3478,258677
3479,258747
3480,258800
3481,258872
3482,258922
3483,258970
3484,259023
3485,259066
3486,259089
3487,259161
3488,259170
3489,259204
3490,259254
3491,259256
3492,259282
3493,259284
3494,259328
3495,259321
3496,259363
3497,259364
3498,259398
3499,259390
3500,259402
3501,259409
3502,259330
3503,259118
3504,258883
3505,258596
3506,258350
3507,258062
3508,257842
3509,257658
3510,257522
3511,257383
3512,257351
3513,257332
3514,257348
3515,257383
3516,257450
3517,257545
3518,257619
3519,257706
3520,257810
3521,257864
3522,257972
3523,258008
3524,258096
3525,258177
3526,258233
3527,258308
3528,258387
3529,258438
3530,258441
3531,258420
3532,258383
3533,258349
3534,258294
3535,258234
3536,258194
3537,258109
3538,258079
3539,258060
3540,258046
3541,258047
3542,258062
3543,258090
3544,258158
3545,258180
3546,258249
3547,258305
3548,258372
3549,258454
3550,258536
3551,258584
3552,258692
3553,258735
3554,258802
3555,258853
3556,258901
3557,258951
3558,259010
3559,259039
3560,259112
3561,259130
3562,259167
3563,259189
3564,259217
3565,259257
3566,259281
3567,259299
3568,259323
3569,259350
3570,259397
3571,259413
3572,259458
3573,259464
3574,259498
3575,259488
3576,259422
3577,259225
3578,258948
3579,258672
3580,258407
3581,258131
3582,257886
3583,257690
3584,257542
3585,257408
3586,257349
3587,257333
3588,257343
3589,257380
3590,257423
3591,257523
3592,257583
3593,257694
3594,257764
3595,257837
3596,257924
3597,257966
3598,258033
3599,258085
3600,258158
3601,258194
3602,258283
3603,258314
3604,258328
3605,258282
3606,258268
3607,258225
3608,258143
3609,258083
3610,258006
3611,257946
3612,257888
3613,257866
3614,257850
3615,257828
3616,257860
3617,257895
3618,257933
3619,257966
3620,258026
3621,258114
3622,258194
3623,258253
3624,258355
3625,258395
3626,258487
3627,258561
3628,258595
3629,258641
3630,258690
3631,258738
3632,258813
3633,258881
3634,258932
3635,258963
3636,259022
3637,259073
3638,259081
3639,259113
3640,259148
3641,259166
3642,259185
3643,259207
3644,259221
3645,259258
3646,259288
3647,259306
3648,259332
3649,259364
3650,259378
3651,259327
3652,259184
3653,258946
3654,258690
3655,258444
3656,258173
3657,257954
3658,257761
3659,257594
3660,257471
3661,257404
3662,257382
3663,257388
3664,257427
3665,257515
3666,257612
3667,257681
3668,257775
3669,257857
3670,257947
3671,258026
3672,258094
3673,258160
3674,258219
3675,258289
3676,258380
3677,258395
3678,258469
3679,258469
3680,258474
3681,258454
3682,258409
3683,258343
3684,258299
3685,258259
3686,258207
3687,258158
3688,258119
3689,258105
3690,258119
3691,258126
3692,258172
3693,258190
3694,258256
3695,258311
3696,258369
3697,258445
3698,258519
3699,258586
3700,258677
3701,258754
3702,258853
3703,258913
3704,258959
3705,259031
3706,259093
3707,259157
3708,259218
3709,259235
3710,259277
3711,259342
3712,259368
3713,259381
3714,259442
3715,259455
3716,259504
3717,259515
3718,259591
3719,259595
3720,259628
3721,259665
3722,259703
3723,259686
3724,259700
3725,259689
3726,259578
3727,259340
3728,259074
3729,258809
3730,258568
3731,258317
3732,258132
3733,257968
3734,257816
3735,257719
3736,257691
3737,257705
3738,257740
3739,257804
3740,257883
3741,257968
3742,258083
3743,258161
3744,258297
3745,258376
3746,258487
3747,258571
3748,258676
3749,258794
3750,258887
3751,258945
3752,258999
3753,259021
3754,259006
3755,258973
3756,258898
3757,258814
3758,258755
3759,258679
3760,258609
3761,258545
3762,258504
3763,258497
3764,258470
3765,258498
3766,258525
3767,258570
3768,258631
3769,258692
3770,258786
3771,258851
3772,258938
3773,259005
3774,259083
3775,259153
3776,259219
3777,259263
3778,259315
3779,259344
3780,259380
3781,259403
3782,259452
3783,259488
3784,259513
3785,259546
3786,259561
3787,259578
3788,259639
3789,259628
3790,259685
3791,259695
3792,259742
3793,259762
3794,259812
3795,259813
3796,259852
3797,259801
3798,259699
3799,259451
3800,259210
3801,258951
3802,258701
3803,258451
3804,258258
3805,258092
3806,257951
3807,257878
3808,257830
3809,257823
3810,257876
3811,257926
3812,257994
3813,258092
3814,258184
3815,258292
3816,258379
3817,258453
3818,258554
3819,258612
3820,258681
3821,258750
3822,258838
3823,258947
3824,258979
3825,259009
3826,258996
3827,258962
3828,258927
3829,258858
3830,258826
3831,258754
3832,258697
3833,258643
3834,258594
3835,258614
3836,258635
3837,258651
3838,258676
3839,258733
3840,258794
3841,258849
3842,258920
3843,258998
3844,259075
3845,259142
3846,259216
3847,259280
3848,259332
3849,259404
3850,259473
3851,259531
3852,259585
3853,259624
3854,259684
3855,259710
3856,259743
3857,259773
3858,259795
3859,259834
3860,259862
3861,259856
3862,259909
3863,259914
3864,259957
3865,259971
3866,259985
3867,260022
3868,260026
3869,260027
3870,259988
3871,259818
3872,259566
3873,259277
3874,259005
3875,258746
3876,258515
3877,258297
3878,258122
3879,257988
3880,257918
3881,257876
3882,257862
3883,257854
3884,257956
3885,258006
3886,258071
3887,258139
3888,258224
3889,258300
3890,258337
3891,258398
3892,258439
3893,258484
3894,258553
3895,258594
3896,258663
3897,258739
3898,258775
3899,258781
3900,258778
3901,258753
3902,258718
3903,258659
3904,258621
3905,258588
3906,258546
3907,258504
3908,258509
3909,258526
3910,258560
3911,258599
3912,258648
3913,258718
3914,258786
3915,258885
3916,258982
3917,259078
3918,259155
3919,259241
3920,259322
3921,259409
3922,259472
3923,259550
3924,259637
3925,259682
3926,259767
3927,259774
3928,259827
3929,259858
3930,259920
3931,259926
3932,259944
3933,259931
3934,259922
3935,259951
3936,259988
3937,259980
3938,260006
3939,260040
3940,260070
3941,260099
3942,260103
3943,260108
3944,260071
3945,259904
3946,259663
3947,259312
3948,259057
3949,258781
3950,258508
3951,258303
3952,258106
3953,257940
3954,257879
3955,257797
3956,257807
3957,257844
3958,257892
3959,257929
3960,258033
3961,258115
3962,258234
3963,258280
3964,258353
3965,258405
3966,258463
3967,258512
3968,258586
3969,258638
3970,258688
3971,258756
3972,258792
3973,258790
3974,258808
3975,258766
3976,258743
3977,258696
3978,258644
3979,258582
3980,258510
3981,258473
3982,258466
3983,258434
3984,258453
3985,258477
3986,258502
3987,258553
3988,258599
3989,258679
3990,258752
3991,258825
3992,258882
3993,258970
3994,259043
3995,259125
3996,259168
3997,259254
3998,259316
3999,259396
4000,259442
4001,259495
4002,259537
4003,259570
4004,259611
4005,259644
4006,259686
4007,259696
4008,259750
4009,259747
4010,259786
4011,259811
4012,259823
4013,259861
4014,259868
4015,259941
4016,259962
4017,259996
4018,260040
4019,260060
4020,260025
4021,259924
4022,259718
4023,259447
4024,259155
4025,258895
4026,258657
4027,258477
4028,258289
4029,258125
4030,258077
4031,258053
4032,258036
4033,258055
4034,258125
4035,258193
4036,258296
4037,258377
4038,258467
4039,258560
4040,258632
4041,258698
4042,258754
4043,258825
4044,258875
4045,258956
4046,259020
4047,259068
4048,259108
4049,259134
4050,259110
4051,259076
4052,259043
4053,258979
4054,258942
4055,258874
4056,258816
4057,258769
4058,258739
4059,258754
4060,258746
4061,258786
4062,258821
4063,258856
4064,258921
4065,259010
4066,259080
4067,259149
4068,259201
4069,259278
4070,259356
4071,259416
4072,259458
4073,259525
4074,259564
4075,259621
4076,259655
4077,259703
4078,259743
4079,259758
4080,259780
4081,259801
4082,259834
4083,259846
4084,259865
4085,259876
4086,259897
4087,259915
4088,259938
4089,259956
4090,259997
4091,260031
4092,260054
4093,260101
4094,260113
4095,260157
4096,260133
4097,260112
4098,259950
4099,259708
4100,259466
4101,259184
4102,258938
4103,258711
4104,258505
4105,258369
4106,258240
4107,258172
4108,258154
4109,258151
4110,258213
4111,258276
4112,258337
4113,258436
4114,258538
4115,258630
4116,258739
4117,258793
4118,258887
4119,258928
4120,258987
4121,259082
4122,259189
4123,259240
4124,259297
4125,259335
4126,259303
4127,259258
4128,259194
4129,259138
4130,259059
4131,258990
4132,258920
4133,258887
4134,258851
4135,258857
4136,258881
4137,258901
4138,258935
4139,258984
4140,259049
4141,259123
4142,259191
4143,259289
4144,259357
4145,259430
4146,259483
4147,259561
4148,259626
4149,259691
4150,259740
4151,259797
4152,259840
4153,259862
4154,259924
4155,259960
4156,260007
4157,260015
4158,260052
4159,260084
4160,260105
4161,260130
4162,260144
4163,260162
4164,260183
4165,260184
4166,260197
4167,260240
4168,260273
4169,260308
4170,260348
4171,260331
4172,260318
4173,260212
4174,259982
4175,259687
4176,259431
4177,259157
4178,258913
4179,258691
4180,258512
4181,258365
4182,258272
4183,258232
4184,258212
4185,258256
4186,258277
4187,258362
4188,258426
4189,258541
4190,258615
4191,258713
4192,258767
4193,258868
4194,258920
4195,258970
4196,259050
4197,259148
4198,259232
4199,259315
4200,259351
4201,259366
4202,259357
4203,259295
4204,259286
4205,259241
4206,259151
4207,259100
4208,259043
4209,259016
4210,258985
4211,258981
4212,258993
4213,259003
4214,259061
4215,259081
4216,259107
4217,259183
4218,259252
4219,259320
4220,259385
4221,259458
4222,259527
4223,259591
4224,259639
4225,259715
4226,259768
4227,259816
4228,259872
4229,259928
4230,259975
4231,260016
4232,260028
4233,260061
4234,260114
4235,260117
4236,260156
4237,260198
4238,260200
4239,260232
4240,260246
4241,260292
4242,260307
4243,260326
4244,260354
4245,260387
4246,260417
4247,260434
4248,260436
4249,260376
4250,260169
4251,259874
4252,259606
4253,259325
4254,259057
4255,258841
4256,258637
4257,258461
4258,258343
4259,258272
4260,258223
4261,258255
4262,258287
4263,258362
4264,258414
4265,258508
4266,258567
4267,258651
4268,258737
4269,258825
4270,258879
4271,258920
4272,259001
4273,259062
4274,259145
4275,259211
4276,259265
4277,259301
4278,259301
4279,259302
4280,259259
4281,259216
4282,259144
4283,259092
4284,259045
4285,259006
4286,258967
4287,258952
4288,258953
4289,258969
4290,258990
4291,259052
4292,259107
4293,259159
4294,259217
4295,259308
4296,259385
4297,259459
4298,259533
4299,259633
4300,259700
4301,259758
4302,259813
4303,259874
4304,259897
4305,259975
4306,259999
4307,260064
4308,260084
4309,260125
4310,260166
4311,260169
4312,260194
4313,260237
4314,260239
4315,260246
4316,260271
4317,260294
4318,260299
4319,260330
4320,260371
4321,260400
4322,260405
4323,260432
4324,260423
4325,260358
4326,260180
4327,259931
4328,259630
4329,259325
4330,259053
4331,258812
4332,258628
4333,258447
4334,258303
4335,258244
4336,258182
4337,258219
4338,258248
4339,258324
4340,258386
4341,258463
4342,258550
4343,258631
4344,258708
4345,258775
4346,258828
4347,258889
4348,258939
4349,259012
4350,259052
4351,259135
4352,259176
4353,259186
4354,259207
4355,259186
4356,259124
4357,259109
4358,259045
4359,258964
4360,258922
4361,258886
4362,258829
4363,258828
4364,258798
4365,258837
4366,258840
4367,258876
4368,258911
4369,258985
4370,259026
4371,259118
4372,259171
4373,259254
4374,259339
4375,259388
4376,259463
4377,259553
4378,259631
4379,259669
4380,259741
4381,259812
4382,259853
4383,259912
4384,259978
4385,260012
4386,260057
4387,260086
4388,260125
4389,260135
4390,260184
4391,260200
4392,260251
4393,260228
4394,260299
4395,260279
4396,260330
4397,260349
4398,260370
4399,260397
4400,260415
4401,260440
4402,260362
4403,260166
4404,259876
4405,259601
4406,259337
4407,259067
4408,258860
4409,258669
4410,258522
4411,258415
4412,258371
4413,258346
4414,258380
4415,258449
4416,258524
4417,258638
4418,258737
4419,258818
4420,258926
4421,258997
4422,259114
4423,259194
4424,259245
4425,259368
4426,259449
4427,259499
4428,259586
4429,259596
4430,259614
4431,259607
4432,259568
4433,259514
4434,259438
4435,259395
4436,259295
4437,259223
4438,259175
4439,259163
4440,259110
4441,259123
4442,259141
4443,259173
4444,259223
4445,259245
4446,259312
4447,259372
4448,259440
4449,259530
4450,259604
4451,259654
4452,259733
4453,259804
4454,259855
4455,259935
4456,259992
4457,260030
4458,260119
4459,260163
4460,260201
4461,260252
4462,260277
4463,260301
4464,260314
4465,260328
4466,260339
4467,260370
4468,260369
4469,260381
4470,260415
4471,260428
4472,260447
4473,260493
4474,260519
4475,260514
4476,260529
4477,260473
4478,260306
4479,260025
4480,259759
4481,259549
4482,259297
4483,259108
4484,258893
4485,258765
4486,258651
4487,258615
4488,258610
4489,258604
4490,258660
4491,258737
4492,258815
4493,258935
4494,259032
4495,259161
4496,259233
4497,259337
4498,259410
4499,259495
4500,259602
4501,259707
4502,259797
4503,259855
4504,259905
4505,259901
4506,259880
4507,259847
4508,259775
4509,259676
4510,259614
4511,259508
4512,259455
4513,259382
4514,259332
4515,259348
4516,259330
4517,259365
4518,259382
4519,259436
4520,259474
4521,259535
4522,259586
4523,259689
4524,259742
4525,259808
4526,259858
4527,259948
4528,259989
4529,260064
4530,260115
4531,260189
4532,260229
4533,260289
4534,260300
4535,260363
4536,260399
4537,260452
4538,260473
4539,260496
4540,260509
4541,260521
4542,260581
4543,260615
4544,260621
4545,260678
4546,260684
4547,260701
4548,260704
4549,260700
4550,260566
4551,260362
4552,260056
4553,259779
4554,259504
4555,259252
4556,259015
4557,258834
4558,258677
4559,258557
4560,258494
4561,258508
4562,258484
4563,258518
4564,258604
4565,258674
4566,258757
4567,258827
4568,258932
4569,259028
4570,259113
4571,259200
4572,259259
4573,259343
4574,259447
4575,259520
4576,259572
4577,259646
4578,259627
4579,259621
4580,259557
4581,259517
4582,259449
4583,259374
4584,259278
4585,259236
4586,259182
4587,259163
4588,259142
4589,259152
4590,259155
4591,259205
4592,259240
4593,259283
4594,259328
4595,259386
4596,259451
4597,259551
4598,259591
4599,259687
4600,259726
4601,259815
4602,259851
4603,259914
4604,259949
4605,260007
4606,260053
4607,260075
4608,260128
4609,260181
4610,260182
4611,260218
4612,260236
4613,260275
4614,260277
4615,260303
4616,260284
4617,260334
4618,260355
4619,260375
4620,260352
4621,260402
4622,260299
4623,260091
4624,259835
4625,259533
4626,259255
4627,259015
4628,258759
4629,258585
4630,258387
4631,258261
4632,258198
4633,258171
4634,258162
4635,258220
4636,258252
4637,258339
4638,258401
4639,258488
4640,258561
4641,258678
4642,258712
4643,258791
4644,258833
4645,258935
4646,258970
4647,259092
4648,259132
4649,259207
4650,259202
4651,259239
4652,259215
4653,259174
4654,259119
4655,259076
4656,258994
4657,258979
4658,258915
4659,258891
4660,258863
4661,258835
4662,258851
4663,258885
4664,258907
4665,258975
4666,259031
4667,259106
4668,259129
4669,259250
4670,259303
4671,259374
4672,259404
4673,259493
4674,259549
4675,259633
4676,259678
4677,259750
4678,259799
4679,259843
4680,259857
4681,259891
4682,259948
4683,259989
4684,259994
4685,260051
4686,260042
4687,260080
4688,260076
4689,260100
4690,260098
4691,260161
4692,260127
4693,260156
4694,260067
4695,259949
4696,259682
4697,259446
4698,259163
4699,258899
4700,258614
4701,258429
4702,258232
4703,258099
4704,258002
4705,257973
4706,257932
4707,257994
4708,258036
4709,258140
4710,258209
4711,258281
4712,258392
4713,258477
4714,258522
4715,258604
4716,258625
4717,258713
4718,258766
4719,258875
4720,258927
4721,258959
4722,258985
4723,259053
4724,259001
4725,258978
4726,258946
4727,258900
4728,258822
4729,258771
4730,258720
4731,258648
4732,258623
4733,258639
4734,258615
4735,258668
4736,258682
4737,258725
4738,258767
4739,258842
4740,258898
4741,258971
4742,259006
4743,259094
4744,259155
4745,259238
4746,259241
4747,259367
4748,259384
4749,259459
4750,259479
4751,259530
4752,259578
4753,259637
4754,259656
4755,259714
4756,259729
4757,259771
4758,259756
4759,259829
4760,259821
4761,259894
4762,259891
4763,259949
4764,259956
4765,259986
4766,259986
4767,259952
4768,259812
4769,259607
4770,259328
4771,259116
4772,258807
4773,258590
4774,258352
4775,258207
4776,258071
4777,258015
4778,257967
4779,257993
4780,258013
4781,258116
4782,258156
4783,258261
4784,258338
4785,258464
4786,258531
4787,258647
4788,258703
4789,258793
4790,258865
4791,258957
4792,259025
4793,259109
4794,259153
4795,259196
4796,259177
4797,259148
4798,259102
4799,259061
4800,258974
4801,258914
4802,258853
4803,258835
4804,258789
4805,258766
4806,258770
4807,258785
4808,258804
4809,258869
4810,258891
4811,258986
4812,259005
4813,259100
4814,259172
4815,259274
4816,259277
4817,259386
4818,259424
4819,259508
4820,259556
4821,259619
4822,259647
4823,259699
4824,259731
4825,259796
4826,259815
4827,259830
4828,259854
4829,259904
4830,259924
4831,259964
4832,259975
4833,260032
4834,260054
4835,260099
4836,260102
4837,260125
4838,260127
4839,260105
4840,260005
4841,259857
4842,259578
4843,259310
4844,259035
4845,258776
4846,258559
4847,258406
4848,258245
4849,258173
4850,258104
4851,258120
4852,258149
4853,258213
4854,258272
4855,258397
4856,258500
4857,258594
4858,258695
4859,258789
4860,258854
4861,258974
4862,259029
4863,259121
4864,259212
4865,259292
4866,259340
4867,259341
4868,259358
4869,259313
4870,259275
4871,259203
4872,259129
4873,259076
4874,259009
4875,258955
4876,258879
4877,258884
4878,258875
4879,258861
4880,258903
4881,258945
4882,258989
4883,259046
4884,259115
4885,259188
4886,259232
4887,259298
4888,259349
4889,259441
4890,259452
4891,259550
4892,259561
4893,259614
4894,259660
4895,259685
4896,259755
4897,259808
4898,259821
4899,259853
4900,259878
4901,259914
4902,259935
4903,259967
4904,259995
4905,260051
4906,260062
4907,260086
4908,260110
4909,260139
4910,260135
4911,260080
4912,259922
4913,259718
4914,259434
4915,259187
4916,258929
4917,258685
4918,258457
4919,258296
4920,258172
4921,258067
4922,258044
4923,258055
4924,258080
4925,258150
4926,258214
4927,258318
4928,258399
4929,258492
4930,258565
4931,258645
4932,258680
4933,258764
4934,258800
4935,258892
4936,258940
4937,259035
4938,259054
4939,259103
4940,259077
4941,259093
4942,259027
4943,258978
4944,258912
4945,258876
4946,258801
4947,258758
4948,258711
4949,258699
4950,258701
4951,258740
4952,258758
4953,258812
4954,258854
4955,258929
4956,258993
4957,259072
4958,259165
4959,259227
4960,259265
4961,259331
4962,259372
4963,259428
4964,259476
4965,259522
4966,259554
4967,259606
4968,259639
4969,259677
4970,259692
4971,259725
4972,259742
4973,259766
4974,259788
4975,259834
4976,259834
4977,259878
4978,259898
4979,259950
4980,259943
4981,259971
4982,259995
4983,259992
4984,259876
4985,259690
4986,259421
4987,259136
4988,258838
4989,258593
4990,258348
4991,258161
4992,258003
4993,257890
4994,257830
4995,257836
4996,257833
4997,257889
4998,257940
4999,258042
